{ "title": "Containers and microservices — a perfect pair",
  "event_registration_links": "null",
  "event_location": "null",
  "event_end_date": "null",
  "card_image": "null",
  "post_content": " ... ",
  "name": "cl-ibm-cloud-microservices-in-action-part-2-trs",
  "highlight_image": "null",
  "post_modified": "2015-11-13T06:00:00.000Z",
  "subtitle": "Why smaller, faster application components can be delivered more easily than ever",
  "type": "ibmcode_tutorials",
  "contributors": "Rick Osowski",
  "technologies": "Microservices, Cloud, Linux",
  "event_start_date": "null",
  "url": "https://developer.ibm.com/tutorials/cl-ibm-cloud-microservices-in-action-part-2-trs"
}, {
  "title": "Containers and Container Orchestration",
  "event_registration_links": "null",
  "event_location": "null",
  "event_end_date": "null",
  "card_image": "https://developer.ibm.com/developer/c/articles/containers-and-container-orchestration/card.jpg",
  "post_content": "<p xmlns=\\\"http://www.w3.org/1999/xhtml\\\">In part 2 of the application modernization series, you will learn about some key enabling technologies that are playing a major role in moving applications from traditional server (whether physical or virtualized) deployments to Cloud deployments. This video continues the discussion with a basic background on containers and container orchestration with Kubernetes.</p>\\n<p><iframe width=\\\"750\\\" height=\\\"450\\\" src=\\\"https://www.youtube-nocookie.com/embed/br7Ce3ET51I\\\"></iframe></p>\\n<p>Continuing with the example based on Plants by Websphere, this demo will show how a zero-downtime deployment can be executed using github, jenkins and IBM Cloud Private.</p>\\n<p><iframe width=\\\"750\\\" height=\\\"450\\\" src=\\\"https://www.youtube-nocookie.com/embed/hclSiystmsM\\\"></iframe></p>\\n<p>Ready to check your understanding? Join the <a href=\\\"https://ibm.biz/jeetocloud\\\">Java EE application modernization experience</a> on IBM Coder and take the quiz in the second challenge. Then, continue on with the next article in this series.</p>",
  "name": "containers-and-container-orchestration",
  "highlight_image": "https://developer.ibm.com/developer/c/articles/containers-and-container-orchestration/highlight.jpg",
  "post_modified": "2019-03-21T05:00:00.000Z",
  "subtitle": "Some key enabling technologies that are playing a major role in moving applications from traditional server deployments to Cloud deployments.",
  "type": "ibmcode_articles",
  "contributors": "Tim Robinson<timro>, David Carew<carew>",
  "technologies": "Cloud",
  "event_start_date": "null",
  "url": "https://developer.ibm.com/articles/containers-and-container-orchestration"
}
